{"cameraMode":{"drawMode":0,"name":"Shaded","section":"Shading Mode"},"sceneLighting":false,"audioPlay":false,"sceneViewState":{"m_AlwaysRefresh":false,"showFog":true,"showSkybox":false,"showFlares":true,"showImageEffects":true,"showParticleSystems":true,"showVisualEffectGraphs":true,"m_FxEnabled":true},"in2DMode":false,"pivot":{"x":10.501814842224121,"y":7.845185279846191,"z":-3.8606555461883547},"rotation":{"x":-0.07905150204896927,"y":0.22877410054206849,"z":-0.018642552196979524,"w":-0.9700846076011658},"size":1.9732050895690919,"orthographic":false}